;Table;Row;Description;Special;;
1;application_{train|test}.csv;SK_ID_CURR;Örnekteki müþteri kimliði;;;
2;application_{train|test}.csv;TARGET;Hedef Deðiþken ( 1- Ödemede zorluk yaþýyan geç ödeyen kiþi / 0 - Dðerleri);;;
5;application_{train|test}.csv;NAME_CONTRACT_TYPE;Kredi Nakit mi Döner mi?(Döner kredi: bankalarýn kýsa vadede borçlanmak isteyenlere sunmuþ olduðu fýrsat ve iþletmelerin acil nakit gereksinimlerini karþýlama imkanýdýr.);;;
6;application_{train|test}.csv;CODE_GENDER;Müþterinin Cinsiyeti;;;
7;application_{train|test}.csv;FLAG_OWN_CAR;Müþterinin arabasý var mý?;;;
8;application_{train|test}.csv;FLAG_OWN_REALTY;Müþterinin evi veya dairesi var mý?;;;
9;application_{train|test}.csv;CNT_CHILDREN;Müþterinin varsa çocuk sayýsý;;;
10;application_{train|test}.csv;AMT_INCOME_TOTAL;Müþterinin geliri;;;
11;application_{train|test}.csv;AMT_CREDIT;Kredi Tutarý;;;
12;application_{train|test}.csv;AMT_ANNUITY;Kredinin yýllýk ödemesi;;;
13;application_{train|test}.csv;AMT_GOODS_PRICE;Tüketici kredileri için kredinin verildiði mallarýn fiyatýdýr / Faiz hariç toplam tutarý;;;
14;application_{train|test}.csv;NAME_TYPE_SUITE   ???;Kredi baþvurusunda bulunurken kim müþteriyle birlikteydi? Kefil;;;
15;application_{train|test}.csv;NAME_INCOME_TYPE;Müþterinin gelir türü(iþ adamý, iþçi,…);;;
16;application_{train|test}.csv;NAME_EDUCATION_TYPE;Müþterinin eðitim seviyesi;;;
17;application_{train|test}.csv;NAME_FAMILY_STATUS;Ailenin durumu / Medeni durum;;;
18;application_{train|test}.csv;NAME_HOUSING_TYPE;Müþterinin yaþadýðý ev nedir? (kira,ailesiyle, ...);;;
19;application_{train|test}.csv;REGION_POPULATION_RELATIVE;Müþterinin yaþadýðý bölgenin normalleþtirilmiþ nüfusu (daha yüksek sayý, müþterinin daha kalabalýk bir bölgede yaþadýðý anlamýna gelir);normalized ;;
20;application_{train|test}.csv;DAYS_BIRTH;Müþterinin baþvurduðu zamandaki yaþý(gün cinsinden);time only relative to the application;;
21;application_{train|test}.csv;DAYS_EMPLOYED;Müþteri iþine baþvurudan ne kadar önce baþladý?(gün cinsinden);time only relative to the application;;
22;application_{train|test}.csv;DAYS_REGISTRATION;Müþteri baþvurudan kaç gün önce kaydýný deðiþtirdi?;time only relative to the application;;
23;application_{train|test}.csv;DAYS_ID_PUBLISH;Müþteri baþvurudan kaç gün önce kredi baþvurusunda bulunduðu kimlik belgesini deðiþtirdi?;time only relative to the application;;
24;application_{train|test}.csv;OWN_CAR_AGE;Müþterinin arabasýnýn yaþý;;;
25;application_{train|test}.csv;FLAG_MOBIL;Müþterinin cep telefonu var mý? (1-Evet, 0-Hayýr);;;
26;application_{train|test}.csv;FLAG_EMP_PHONE;Müþterinin iþ telefonu var mý?(1-Evet, 0-Hayýr);;;
27;application_{train|test}.csv;FLAG_WORK_PHONE;Müþterinin ev telefonu var mý?(1-Evet, 0-Hayýr);;;
28;application_{train|test}.csv;FLAG_CONT_MOBILE;Cep telefonu ulaþýlabilir miydi?(1-Evet, 0-Hayýr);;;
29;application_{train|test}.csv;FLAG_PHONE;Müþteri ev telefonu saðladý mý?(1-Evet, 0-Hayýr);;;
30;application_{train|test}.csv;FLAG_EMAIL;Müþterinin epostasý var mý?(1-Yes, 0-Hayýr);;;
31;application_{train|test}.csv;OCCUPATION_TYPE;Müþterinin ne tür bir mesleði var?;;;
32;application_{train|test}.csv;CNT_FAM_MEMBERS;Müþterinin kaç aile üyesi var?;;;
33;application_{train|test}.csv;REGION_RATING_CLIENT;Müþterinin yaþadýðý bölge için puanýmýz(1,2,3);;;
34;application_{train|test}.csv;REGION_RATING_CLIENT_W_CITY;Þehri baz alarak müþterinin yaþadýðý bölge için puanýmýz(1,2,3);;;
35;application_{train|test}.csv;WEEKDAY_APPR_PROCESS_START;Müþteri krediye hangi gün baþvurdu?;;;
36;application_{train|test}.csv;HOUR_APPR_PROCESS_START;Müþteri krediye yaklaþýk olarak hangi saatte baþvurdu?;rounded;;
37;application_{train|test}.csv;REG_REGION_NOT_LIVE_REGION;Müþterinin kalýcý adresi iletiþim adresiyle eþleþiyor mu?(1= farklý, 0 = Ayný, Bölge düzeyinde);;;
38;application_{train|test}.csv;REG_REGION_NOT_WORK_REGION;Müþterinin adresiyle iþ adresi eþleþiyor mu? (1=farklý, 0=Ayný, Bölge düzeyinde);;;
39;application_{train|test}.csv;LIVE_REGION_NOT_WORK_REGION;Müþterinin iletiþim adresi ile iþ adresi eþleþiyor mu?(1=Farklý, 0=Ayný, Bölge düzeyinde);;;
40;application_{train|test}.csv;REG_CITY_NOT_LIVE_CITY;Müþterinin adresi ile iletiþim adresi eþleþiyor mu?(1=Farklý, 0=Ayný, Bölge düzeyinde);;;
41;application_{train|test}.csv;REG_CITY_NOT_WORK_CITY;Müþterinin adresi ile iþ adresi eþleþiyor mu?(1=Farklý, 0=Ayný, Bölge düzeyinde);;;
42;application_{train|test}.csv;LIVE_CITY_NOT_WORK_CITY;Müþterinin iletiþim adresi iþ adresiyle eþleþiyor mu?(1=Farklý, 0=Ayný, Bölge düzeyinde);;;
43;application_{train|test}.csv;ORGANIZATION_TYPE;Müþterinin çalýþma türü;;;
44;application_{train|test}.csv;EXT_SOURCE_1;Dýþarýdan alýnan normalleþtirilmiþ puan;normalized;;
45;application_{train|test}.csv;EXT_SOURCE_2;Dýþarýdan alýnan normalleþtirilmiþ puan;normalized;;
46;application_{train|test}.csv;EXT_SOURCE_3;Dýþarýdan alýnan normalleþtirilmiþ puan;normalized;;
47;application_{train|test}.csv;APARTMENTS_AVG;Müþterinin yaþadýðý bina hakkýnda normalleþtirilmiþ bilgi. Ortalama(Sonuna _AVG), Mod(Sonuna _MODE), Medyan(Sonuna _MEDI) daire boyutu, ortak alan, yaþam alaný, bina yaþý, asansör sayýsý, giriþ sayýsý, durum, binanýn kat sayýsý;normalized;;
48;application_{train|test}.csv;BASEMENTAREA_AVG;Müþterinin yaþadýðý bina hakkýnda normalleþtirilmiþ bilgi. Ortalama(Sonuna _AVG), Mod(Sonuna _MODE), Medyan(Sonuna _MEDI) daire boyutu, ortak alan, yaþam alaný, bina yaþý, asansör sayýsý, giriþ sayýsý, durum, binanýn kat sayýsý;normalized;;
49;application_{train|test}.csv;YEARS_BEGINEXPLUATATION_AVG;Müþterinin yaþadýðý bina hakkýnda normalleþtirilmiþ bilgi. Ortalama(Sonuna _AVG), Mod(Sonuna _MODE), Medyan(Sonuna _MEDI) daire boyutu, ortak alan, yaþam alaný, bina yaþý, asansör sayýsý, giriþ sayýsý, durum, binanýn kat sayýsý;normalized;;
50;application_{train|test}.csv;YEARS_BUILD_AVG;Müþterinin yaþadýðý bina hakkýnda normalleþtirilmiþ bilgi. Ortalama(Sonuna _AVG), Mod(Sonuna _MODE), Medyan(Sonuna _MEDI) daire boyutu, ortak alan, yaþam alaný, bina yaþý, asansör sayýsý, giriþ sayýsý, durum, binanýn kat sayýsý;normalized;;
51;application_{train|test}.csv;COMMONAREA_AVG;Müþterinin yaþadýðý bina hakkýnda normalleþtirilmiþ bilgi. Ortalama(Sonuna _AVG), Mod(Sonuna _MODE), Medyan(Sonuna _MEDI) daire boyutu, ortak alan, yaþam alaný, bina yaþý, asansör sayýsý, giriþ sayýsý, durum, binanýn kat sayýsý;normalized;;
52;application_{train|test}.csv;ELEVATORS_AVG;Müþterinin yaþadýðý bina hakkýnda normalleþtirilmiþ bilgi. Ortalama(Sonuna _AVG), Mod(Sonuna _MODE), Medyan(Sonuna _MEDI) daire boyutu, ortak alan, yaþam alaný, bina yaþý, asansör sayýsý, giriþ sayýsý, durum, binanýn kat sayýsý;normalized;;
53;application_{train|test}.csv;ENTRANCES_AVG;Müþterinin yaþadýðý bina hakkýnda normalleþtirilmiþ bilgi. Ortalama(Sonuna _AVG), Mod(Sonuna _MODE), Medyan(Sonuna _MEDI) daire boyutu, ortak alan, yaþam alaný, bina yaþý, asansör sayýsý, giriþ sayýsý, durum, binanýn kat sayýsý;normalized;;
54;application_{train|test}.csv;FLOORSMAX_AVG;Müþterinin yaþadýðý bina hakkýnda normalleþtirilmiþ bilgi. Ortalama(Sonuna _AVG), Mod(Sonuna _MODE), Medyan(Sonuna _MEDI) daire boyutu, ortak alan, yaþam alaný, bina yaþý, asansör sayýsý, giriþ sayýsý, durum, binanýn kat sayýsý;normalized;;
55;application_{train|test}.csv;FLOORSMIN_AVG;Müþterinin yaþadýðý bina hakkýnda normalleþtirilmiþ bilgi. Ortalama(Sonuna _AVG), Mod(Sonuna _MODE), Medyan(Sonuna _MEDI) daire boyutu, ortak alan, yaþam alaný, bina yaþý, asansör sayýsý, giriþ sayýsý, durum, binanýn kat sayýsý;normalized;;
56;application_{train|test}.csv;LANDAREA_AVG;Müþterinin yaþadýðý bina hakkýnda normalleþtirilmiþ bilgi. Ortalama(Sonuna _AVG), Mod(Sonuna _MODE), Medyan(Sonuna _MEDI) daire boyutu, ortak alan, yaþam alaný, bina yaþý, asansör sayýsý, giriþ sayýsý, durum, binanýn kat sayýsý;normalized;;
57;application_{train|test}.csv;LIVINGAPARTMENTS_AVG;Müþterinin yaþadýðý bina hakkýnda normalleþtirilmiþ bilgi. Ortalama(Sonuna _AVG), Mod(Sonuna _MODE), Medyan(Sonuna _MEDI) daire boyutu, ortak alan, yaþam alaný, bina yaþý, asansör sayýsý, giriþ sayýsý, durum, binanýn kat sayýsý;normalized;;
58;application_{train|test}.csv;LIVINGAREA_AVG;Müþterinin yaþadýðý bina hakkýnda normalleþtirilmiþ bilgi. Ortalama(Sonuna _AVG), Mod(Sonuna _MODE), Medyan(Sonuna _MEDI) daire boyutu, ortak alan, yaþam alaný, bina yaþý, asansör sayýsý, giriþ sayýsý, durum, binanýn kat sayýsý;normalized;;
59;application_{train|test}.csv;NONLIVINGAPARTMENTS_AVG;Müþterinin yaþadýðý bina hakkýnda normalleþtirilmiþ bilgi. Ortalama(Sonuna _AVG), Mod(Sonuna _MODE), Medyan(Sonuna _MEDI) daire boyutu, ortak alan, yaþam alaný, bina yaþý, asansör sayýsý, giriþ sayýsý, durum, binanýn kat sayýsý;normalized;;
60;application_{train|test}.csv;NONLIVINGAREA_AVG;Müþterinin yaþadýðý bina hakkýnda normalleþtirilmiþ bilgi. Ortalama(Sonuna _AVG), Mod(Sonuna _MODE), Medyan(Sonuna _MEDI) daire boyutu, ortak alan, yaþam alaný, bina yaþý, asansör sayýsý, giriþ sayýsý, durum, binanýn kat sayýsý;normalized;;
61;application_{train|test}.csv;APARTMENTS_MODE;Müþterinin yaþadýðý bina hakkýnda normalleþtirilmiþ bilgi. Ortalama(Sonuna _AVG), Mod(Sonuna _MODE), Medyan(Sonuna _MEDI) daire boyutu, ortak alan, yaþam alaný, bina yaþý, asansör sayýsý, giriþ sayýsý, durum, binanýn kat sayýsý;normalized;;
62;application_{train|test}.csv;BASEMENTAREA_MODE;Müþterinin yaþadýðý bina hakkýnda normalleþtirilmiþ bilgi. Ortalama(Sonuna _AVG), Mod(Sonuna _MODE), Medyan(Sonuna _MEDI) daire boyutu, ortak alan, yaþam alaný, bina yaþý, asansör sayýsý, giriþ sayýsý, durum, binanýn kat sayýsý;normalized;;
63;application_{train|test}.csv;YEARS_BEGINEXPLUATATION_MODE;Müþterinin yaþadýðý bina hakkýnda normalleþtirilmiþ bilgi. Ortalama(Sonuna _AVG), Mod(Sonuna _MODE), Medyan(Sonuna _MEDI) daire boyutu, ortak alan, yaþam alaný, bina yaþý, asansör sayýsý, giriþ sayýsý, durum, binanýn kat sayýsý;normalized;;
64;application_{train|test}.csv;YEARS_BUILD_MODE;Müþterinin yaþadýðý bina hakkýnda normalleþtirilmiþ bilgi. Ortalama(Sonuna _AVG), Mod(Sonuna _MODE), Medyan(Sonuna _MEDI) daire boyutu, ortak alan, yaþam alaný, bina yaþý, asansör sayýsý, giriþ sayýsý, durum, binanýn kat sayýsý;normalized;;
65;application_{train|test}.csv;COMMONAREA_MODE;Müþterinin yaþadýðý bina hakkýnda normalleþtirilmiþ bilgi. Ortalama(Sonuna _AVG), Mod(Sonuna _MODE), Medyan(Sonuna _MEDI) daire boyutu, ortak alan, yaþam alaný, bina yaþý, asansör sayýsý, giriþ sayýsý, durum, binanýn kat sayýsý;normalized;;
66;application_{train|test}.csv;ELEVATORS_MODE;Müþterinin yaþadýðý bina hakkýnda normalleþtirilmiþ bilgi. Ortalama(Sonuna _AVG), Mod(Sonuna _MODE), Medyan(Sonuna _MEDI) daire boyutu, ortak alan, yaþam alaný, bina yaþý, asansör sayýsý, giriþ sayýsý, durum, binanýn kat sayýsý;normalized;;
67;application_{train|test}.csv;ENTRANCES_MODE;Müþterinin yaþadýðý bina hakkýnda normalleþtirilmiþ bilgi. Ortalama(Sonuna _AVG), Mod(Sonuna _MODE), Medyan(Sonuna _MEDI) daire boyutu, ortak alan, yaþam alaný, bina yaþý, asansör sayýsý, giriþ sayýsý, durum, binanýn kat sayýsý;normalized;;
68;application_{train|test}.csv;FLOORSMAX_MODE;Müþterinin yaþadýðý bina hakkýnda normalleþtirilmiþ bilgi. Ortalama(Sonuna _AVG), Mod(Sonuna _MODE), Medyan(Sonuna _MEDI) daire boyutu, ortak alan, yaþam alaný, bina yaþý, asansör sayýsý, giriþ sayýsý, durum, binanýn kat sayýsý;normalized;;
69;application_{train|test}.csv;FLOORSMIN_MODE;Müþterinin yaþadýðý bina hakkýnda normalleþtirilmiþ bilgi. Ortalama(Sonuna _AVG), Mod(Sonuna _MODE), Medyan(Sonuna _MEDI) daire boyutu, ortak alan, yaþam alaný, bina yaþý, asansör sayýsý, giriþ sayýsý, durum, binanýn kat sayýsý;normalized;;
70;application_{train|test}.csv;LANDAREA_MODE;Müþterinin yaþadýðý bina hakkýnda normalleþtirilmiþ bilgi. Ortalama(Sonuna _AVG), Mod(Sonuna _MODE), Medyan(Sonuna _MEDI) daire boyutu, ortak alan, yaþam alaný, bina yaþý, asansör sayýsý, giriþ sayýsý, durum, binanýn kat sayýsý;normalized;;
71;application_{train|test}.csv;LIVINGAPARTMENTS_MODE;Müþterinin yaþadýðý bina hakkýnda normalleþtirilmiþ bilgi. Ortalama(Sonuna _AVG), Mod(Sonuna _MODE), Medyan(Sonuna _MEDI) daire boyutu, ortak alan, yaþam alaný, bina yaþý, asansör sayýsý, giriþ sayýsý, durum, binanýn kat sayýsý;normalized;;
72;application_{train|test}.csv;LIVINGAREA_MODE;Müþterinin yaþadýðý bina hakkýnda normalleþtirilmiþ bilgi. Ortalama(Sonuna _AVG), Mod(Sonuna _MODE), Medyan(Sonuna _MEDI) daire boyutu, ortak alan, yaþam alaný, bina yaþý, asansör sayýsý, giriþ sayýsý, durum, binanýn kat sayýsý;normalized;;
73;application_{train|test}.csv;NONLIVINGAPARTMENTS_MODE;Müþterinin yaþadýðý bina hakkýnda normalleþtirilmiþ bilgi. Ortalama(Sonuna _AVG), Mod(Sonuna _MODE), Medyan(Sonuna _MEDI) daire boyutu, ortak alan, yaþam alaný, bina yaþý, asansör sayýsý, giriþ sayýsý, durum, binanýn kat sayýsý;normalized;;
74;application_{train|test}.csv;NONLIVINGAREA_MODE;Müþterinin yaþadýðý bina hakkýnda normalleþtirilmiþ bilgi. Ortalama(Sonuna _AVG), Mod(Sonuna _MODE), Medyan(Sonuna _MEDI) daire boyutu, ortak alan, yaþam alaný, bina yaþý, asansör sayýsý, giriþ sayýsý, durum, binanýn kat sayýsý;normalized;;
75;application_{train|test}.csv;APARTMENTS_MEDI;Müþterinin yaþadýðý bina hakkýnda normalleþtirilmiþ bilgi. Ortalama(Sonuna _AVG), Mod(Sonuna _MODE), Medyan(Sonuna _MEDI) daire boyutu, ortak alan, yaþam alaný, bina yaþý, asansör sayýsý, giriþ sayýsý, durum, binanýn kat sayýsý;normalized;;
76;application_{train|test}.csv;BASEMENTAREA_MEDI;Müþterinin yaþadýðý bina hakkýnda normalleþtirilmiþ bilgi. Ortalama(Sonuna _AVG), Mod(Sonuna _MODE), Medyan(Sonuna _MEDI) daire boyutu, ortak alan, yaþam alaný, bina yaþý, asansör sayýsý, giriþ sayýsý, durum, binanýn kat sayýsý;normalized;;
77;application_{train|test}.csv;YEARS_BEGINEXPLUATATION_MEDI;Müþterinin yaþadýðý bina hakkýnda normalleþtirilmiþ bilgi. Ortalama(Sonuna _AVG), Mod(Sonuna _MODE), Medyan(Sonuna _MEDI) daire boyutu, ortak alan, yaþam alaný, bina yaþý, asansör sayýsý, giriþ sayýsý, durum, binanýn kat sayýsý;normalized;;
78;application_{train|test}.csv;YEARS_BUILD_MEDI;Müþterinin yaþadýðý bina hakkýnda normalleþtirilmiþ bilgi. Ortalama(Sonuna _AVG), Mod(Sonuna _MODE), Medyan(Sonuna _MEDI) daire boyutu, ortak alan, yaþam alaný, bina yaþý, asansör sayýsý, giriþ sayýsý, durum, binanýn kat sayýsý;normalized;;
79;application_{train|test}.csv;COMMONAREA_MEDI;Müþterinin yaþadýðý bina hakkýnda normalleþtirilmiþ bilgi. Ortalama(Sonuna _AVG), Mod(Sonuna _MODE), Medyan(Sonuna _MEDI) daire boyutu, ortak alan, yaþam alaný, bina yaþý, asansör sayýsý, giriþ sayýsý, durum, binanýn kat sayýsý;normalized;;
80;application_{train|test}.csv;ELEVATORS_MEDI;Müþterinin yaþadýðý bina hakkýnda normalleþtirilmiþ bilgi. Ortalama(Sonuna _AVG), Mod(Sonuna _MODE), Medyan(Sonuna _MEDI) daire boyutu, ortak alan, yaþam alaný, bina yaþý, asansör sayýsý, giriþ sayýsý, durum, binanýn kat sayýsý;normalized;;
81;application_{train|test}.csv;ENTRANCES_MEDI;Müþterinin yaþadýðý bina hakkýnda normalleþtirilmiþ bilgi. Ortalama(Sonuna _AVG), Mod(Sonuna _MODE), Medyan(Sonuna _MEDI) daire boyutu, ortak alan, yaþam alaný, bina yaþý, asansör sayýsý, giriþ sayýsý, durum, binanýn kat sayýsý;normalized;;
82;application_{train|test}.csv;FLOORSMAX_MEDI;Müþterinin yaþadýðý bina hakkýnda normalleþtirilmiþ bilgi. Ortalama(Sonuna _AVG), Mod(Sonuna _MODE), Medyan(Sonuna _MEDI) daire boyutu, ortak alan, yaþam alaný, bina yaþý, asansör sayýsý, giriþ sayýsý, durum, binanýn kat sayýsý;normalized;;
83;application_{train|test}.csv;FLOORSMIN_MEDI;Müþterinin yaþadýðý bina hakkýnda normalleþtirilmiþ bilgi. Ortalama(Sonuna _AVG), Mod(Sonuna _MODE), Medyan(Sonuna _MEDI) daire boyutu, ortak alan, yaþam alaný, bina yaþý, asansör sayýsý, giriþ sayýsý, durum, binanýn kat sayýsý;normalized;;
84;application_{train|test}.csv;LANDAREA_MEDI;Müþterinin yaþadýðý bina hakkýnda normalleþtirilmiþ bilgi. Ortalama(Sonuna _AVG), Mod(Sonuna _MODE), Medyan(Sonuna _MEDI) daire boyutu, ortak alan, yaþam alaný, bina yaþý, asansör sayýsý, giriþ sayýsý, durum, binanýn kat sayýsý;normalized;;
85;application_{train|test}.csv;LIVINGAPARTMENTS_MEDI;Müþterinin yaþadýðý bina hakkýnda normalleþtirilmiþ bilgi. Ortalama(Sonuna _AVG), Mod(Sonuna _MODE), Medyan(Sonuna _MEDI) daire boyutu, ortak alan, yaþam alaný, bina yaþý, asansör sayýsý, giriþ sayýsý, durum, binanýn kat sayýsý;normalized;;
86;application_{train|test}.csv;LIVINGAREA_MEDI;Müþterinin yaþadýðý bina hakkýnda normalleþtirilmiþ bilgi. Ortalama(Sonuna _AVG), Mod(Sonuna _MODE), Medyan(Sonuna _MEDI) daire boyutu, ortak alan, yaþam alaný, bina yaþý, asansör sayýsý, giriþ sayýsý, durum, binanýn kat sayýsý;normalized;;
87;application_{train|test}.csv;NONLIVINGAPARTMENTS_MEDI;Müþterinin yaþadýðý bina hakkýnda normalleþtirilmiþ bilgi. Ortalama(Sonuna _AVG), Mod(Sonuna _MODE), Medyan(Sonuna _MEDI) daire boyutu, ortak alan, yaþam alaný, bina yaþý, asansör sayýsý, giriþ sayýsý, durum, binanýn kat sayýsý;normalized;;
88;application_{train|test}.csv;NONLIVINGAREA_MEDI;Müþterinin yaþadýðý bina hakkýnda normalleþtirilmiþ bilgi. Ortalama(Sonuna _AVG), Mod(Sonuna _MODE), Medyan(Sonuna _MEDI) daire boyutu, ortak alan, yaþam alaný, bina yaþý, asansör sayýsý, giriþ sayýsý, durum, binanýn kat sayýsý;normalized;;
89;application_{train|test}.csv;FONDKAPREMONT_MODE;Müþterinin yaþadýðý bina hakkýnda normalleþtirilmiþ bilgi. Ortalama(Sonuna _AVG), Mod(Sonuna _MODE), Medyan(Sonuna _MEDI) daire boyutu, ortak alan, yaþam alaný, bina yaþý, asansör sayýsý, giriþ sayýsý, durum, binanýn kat sayýsý;normalized;;
90;application_{train|test}.csv;HOUSETYPE_MODE;Müþterinin yaþadýðý bina hakkýnda normalleþtirilmiþ bilgi. Ortalama(Sonuna _AVG), Mod(Sonuna _MODE), Medyan(Sonuna _MEDI) daire boyutu, ortak alan, yaþam alaný, bina yaþý, asansör sayýsý, giriþ sayýsý, durum, binanýn kat sayýsý;normalized;;
91;application_{train|test}.csv;TOTALAREA_MODE;Müþterinin yaþadýðý bina hakkýnda normalleþtirilmiþ bilgi. Ortalama(Sonuna _AVG), Mod(Sonuna _MODE), Medyan(Sonuna _MEDI) daire boyutu, ortak alan, yaþam alaný, bina yaþý, asansör sayýsý, giriþ sayýsý, durum, binanýn kat sayýsý;normalized;;
92;application_{train|test}.csv;WALLSMATERIAL_MODE;Müþterinin yaþadýðý bina hakkýnda normalleþtirilmiþ bilgi. Ortalama(Sonuna _AVG), Mod(Sonuna _MODE), Medyan(Sonuna _MEDI) daire boyutu, ortak alan, yaþam alaný, bina yaþý, asansör sayýsý, giriþ sayýsý, durum, binanýn kat sayýsý;normalized;;
93;application_{train|test}.csv;EMERGENCYSTATE_MODE;Müþterinin yaþadýðý bina hakkýnda normalleþtirilmiþ bilgi. Ortalama(Sonuna _AVG), Mod(Sonuna _MODE), Medyan(Sonuna _MEDI) daire boyutu, ortak alan, yaþam alaný, bina yaþý, asansör sayýsý, giriþ sayýsý, durum, binanýn kat sayýsý;normalized;;
94;application_{train|test}.csv;OBS_30_CNT_SOCIAL_CIRCLE;Müþterinin çevresinde gözlemlebilir 30 DPD(Vadesi geçen gün) temerrüdüne sahip kaç kiþi var?;;;
95;application_{train|test}.csv;DEF_30_CNT_SOCIAL_CIRCLE;Müþterinin çevresinde gözlemlenebilir kaç kiþi temmerrüde(30 DPD) düþtü?;;;
96;application_{train|test}.csv;OBS_60_CNT_SOCIAL_CIRCLE;Müþterinin çevresinde gözlemlebilir 60 DPD(Vadesi geçen gün) temerrüdüne sahip kaç kiþi var?;;;
97;application_{train|test}.csv;DEF_60_CNT_SOCIAL_CIRCLE;Müþterinin çevresinde gözlemlenebilir kaç kiþi temmerrüde(60 DPD) düþtü?;;;
98;application_{train|test}.csv;DAYS_LAST_PHONE_CHANGE;Müþteri baþvurudan kaç gün önce telefonunu deðiþtirdi?;;;
99;application_{train|test}.csv;FLAG_DOCUMENT_2;Müþteri belge 2'yi saðladý mý?;;;
100;application_{train|test}.csv;FLAG_DOCUMENT_3;Müþteri belge 3'ü saðladý mý?;;;
101;application_{train|test}.csv;FLAG_DOCUMENT_4;Müþteri belge 4'ü saðladý mý?;;;
102;application_{train|test}.csv;FLAG_DOCUMENT_5;Müþteri belge 5'i saðladý mý?;;;
103;application_{train|test}.csv;FLAG_DOCUMENT_6;Müþteri belge 6'yi saðladý mý?;;;
104;application_{train|test}.csv;FLAG_DOCUMENT_7;Müþteri belge 7'yi saðladý mý?;;;
105;application_{train|test}.csv;FLAG_DOCUMENT_8;Müþteri belge 8'i saðladý mý?;;;
106;application_{train|test}.csv;FLAG_DOCUMENT_9;Müþteri belge 9'u saðladý mý?;;;
107;application_{train|test}.csv;FLAG_DOCUMENT_10;Müþteri belge 10'u saðladý mý?;;;
108;application_{train|test}.csv;FLAG_DOCUMENT_11;Müþteri belge 11'i saðladý mý?;;;
109;application_{train|test}.csv;FLAG_DOCUMENT_12;Müþteri belge 12'yi saðladý mý?;;;
110;application_{train|test}.csv;FLAG_DOCUMENT_13;Müþteri belge 13'ü saðladý mý?;;;
111;application_{train|test}.csv;FLAG_DOCUMENT_14;Müþteri belge 14'ü saðladý mý?;;;
112;application_{train|test}.csv;FLAG_DOCUMENT_15;Müþteri belge 15'i saðladý mý?;;;
113;application_{train|test}.csv;FLAG_DOCUMENT_16;Müþteri belge 16'yý saðladý mý?;;;
114;application_{train|test}.csv;FLAG_DOCUMENT_17;Müþteri belge 17'yi saðladý mý?;;;
115;application_{train|test}.csv;FLAG_DOCUMENT_18;Müþteri belge 18'i saðladý mý?;;;
116;application_{train|test}.csv;FLAG_DOCUMENT_19;Müþteri belge 19'u saðladý mý?;;;
117;application_{train|test}.csv;FLAG_DOCUMENT_20;Müþteri belge 20'yi saðladý mý?;;;
118;application_{train|test}.csv;FLAG_DOCUMENT_21;Müþteri belge 21'i saðladý mý?;;;
119;application_{train|test}.csv;AMT_REQ_CREDIT_BUREAU_HOUR;Baþvurudan bir saat önce müþteri hakkýnda kredi bürosuna yapýlan sorgu sayýsý;;;
120;application_{train|test}.csv;AMT_REQ_CREDIT_BUREAU_DAY;Baþvurudan bir gün önce Kredi Bürosuna müþteri hakkýnda yapýlan sorgu sayýsý (baþvurudan önceki bir saat hariç);;;
121;application_{train|test}.csv;AMT_REQ_CREDIT_BUREAU_WEEK;Baþvurudan bir hafta önce Kredi Bürosuna müþteri hakkýnda yapýlan soruþturma sayýsý (baþvurudan bir gün önce hariç);;;
122;application_{train|test}.csv;AMT_REQ_CREDIT_BUREAU_MON;Baþvurudan bir ay önce Kredi Bürosuna müþteri hakkýnda yapýlan soruþturma sayýsý (baþvurudan bir hafta önce hariç);;;
123;application_{train|test}.csv;AMT_REQ_CREDIT_BUREAU_QRT;Baþvurudan 3 ay önce Kredi Bürosuna müþteri hakkýnda yapýlan soruþturma sayýsý (baþvurudan önceki bir ay hariç);;;
124;application_{train|test}.csv;AMT_REQ_CREDIT_BUREAU_YEAR;Kredi Bürosuna müþteri hakkýnda bir gün boyunca yapýlan sorgu sayýsý (baþvurudan önceki son 3 ay hariç);;;
125;bureau.csv;SK_ID_CURR;Örnekteki krediye baþvuranýn kimliði - Daha önceden kredi almýþ olabilir.;hashed;;
126;bureau.csv;SK_BUREAU_ID;Kredi baþvurusu için kredi bürosundan verilen ID - Her kredi baþvurusu için ayrýdýr.;hashed;;
127;bureau.csv;CREDIT_ACTIVE;Aktif kredi bildirimi;;;
128;bureau.csv;CREDIT_CURRENCY;Kategorik deðiþkendir(1-2-3-4) - Para Birimi;recoded;;
129;bureau.csv;DAYS_CREDIT ??????;Müþteri mevcut baþvurudan kaç gün önce kredi bürosuna baþvurdu.;time only relative to the application;;
130;bureau.csv;CREDIT_DAY_OVERDUE;Örnekteki kredi baþvurusu sýrasýnda CB kredisinin vadesinde geçen gün sayýsý;;;
131;bureau.csv;DAYS_CREDIT_ENDDATE;Kredinin bitmesine ne kadar kaldýðý(gün cinsinden (- ise deðeri kadar önce bitti);time only relative to the application;;
132;bureau.csv;DAYS_ENDDATE_FACT;Kredisi baþvuru sýrasýnda CB kredisinin sona ermesinden bu yana geçen gün sayýsý (yalnýzca kapalý kredi için);time only relative to the application;;
133;bureau.csv;AMT_CREDIT_MAX_OVERDUE;Kredi Bürosu kredisinde þu ana kadar gecikmiþ maksimum tutar (örneklemimizdeki kredinin baþvuru tarihinde);;;
134;bureau.csv;CNT_CREDIT_PROLONG;Kredi Bürosu kredisi kaç kez uzatýldý;;;
135;bureau.csv;AMT_CREDIT_SUM;Kredi Bürosu kredisi için mevcut kredi miktarý;;;
136;bureau.csv;AMT_CREDIT_SUM_DEBT;Kredi Bürosu kredisinde mevcut borç;;;
137;bureau.csv;AMT_CREDIT_SUM_LIMIT;Kredi Bürosunda bildirilen kredi kartýnýn mevcut limiti;;;
138;bureau.csv;AMT_CREDIT_SUM_OVERDUE;Kredi Bürosu kredisinde gecikmiþ tutar;;;
139;bureau.csv;CREDIT_TYPE;Kredi Bürosu kredisinin türü (Araç, nakit, Ev, ...);;;
140;bureau.csv;DAYS_CREDIT_UPDATE;Kredi baþvurusundan kaç gün önce Kredi Bürosu kredisiyle ilgili son bilgiler geldi;time only relative to the application;;
141;bureau.csv;AMT_ANNUITY;Kredi Bürosu kredisinin rantý;;;
142;bureau_balance.csv;SK_BUREAU_ID;Kredi Bürosu Kredisinin ID - benzersiz deðerler. Credit_Bureau birleþtirilirken kullanýlacak;hashed;;
143;bureau_balance.csv;MONTHS_BALANCE;Baþvuru tarihine göre bakiye ayý (-1, en yeni bakiye tarihi anlamýna gelir);time only relative to the application;;
144;bureau_balance.csv;STATUS;Kredi Bürosu kredisinin ay boyunca durumu (aktif, kapalý, DPD0-30,… [C kapalý anlamýna gelir, X bilinmeyen anlamýna gelir, 0 DPD olmadýðý anlamýna gelir, 1 1-30 arasýnda ay boyunca maksimum yapýldý anlamýna gelir, 2 DPD 31-60 anlamýna gelir ,… 5 DPD 120+ veya satýlmýþ veya iptal edilmiþ anlamýna gelir]);;;
145;POS_CASH_balance.csv;SK_ID_PREV ;Örneðimizdeki krediyle ilgili Ev Kredisindeki önceki kredinin kimliði. (Örneðimizdeki bir kredi, Konut Kredisinde 0,1,2 veya daha fazla eski krediye sahip olabilir);;;
146;POS_CASH_balance.csv;SK_ID_CURR;Kredi kimliði;;;
147;POS_CASH_balance.csv;MONTHS_BALANCE;Ne kadar vade kaldýðýdýr.;;;
148;POS_CASH_balance.csv;CNT_INSTALMENT;Önceki kredinin süresi (zamanla deðiþebilir) /Toplam Vade;;;
149;POS_CASH_balance.csv;CNT_INSTALMENT_FUTURE;Önceki kredinin ödenmesi için kalan taksitler;;;
150;POS_CASH_balance.csv;NAME_CONTRACT_STATUS;Ay boyunca sözleþme durumu;;;
151;POS_CASH_balance.csv;SK_DPD;Bir önceki kredi ayý boyunca DPD (vadeyi geçen günler);;;
152;POS_CASH_balance.csv;SK_DPD_DEF;Önceki kredinin toleransý ile ay boyunca DPD (düþük kredi tutarlarýna sahip borçlar göz ardý edilir);;;
153;credit_card_balance.csv;SK_ID_PREV ;Örneðimizdeki krediyle ilgili Ev kredisindeki önceki kredinin kimliði. (Örneðimizdeki bir kredi, Konut Kredisinde 0,1,2 veya daha fazla eski krediye sahip olabilir);;;
154;credit_card_balance.csv;SK_ID_CURR;Kredi kimliði;;;
155;credit_card_balance.csv;MONTHS_BALANCE;Ne kadar vade kaldýðýdýr.;;;
156;credit_card_balance.csv;AMT_BALANCE;Önceki kredilere ait ödenen tutar;;;
157;credit_card_balance.csv;AMT_CREDIT_LIMIT_ACTUAL;Bir önceki kredinin olduðu aydaki kredi kartý limiti;;;
158;credit_card_balance.csv;AMT_DRAWINGS_ATM_CURRENT;Bir önceki kredinin olduðu ay ATM'de çekilen tutar;;;
159;credit_card_balance.csv;AMT_DRAWINGS_CURRENT;Önceki kredinin olduðu ay boyunca çekilen miktar;;;
160;credit_card_balance.csv;AMT_DRAWINGS_OTHER_CURRENT;Bir önceki kredinin olduðu aydaki diðer hasýlatýn miktarý;;;
161;credit_card_balance.csv;AMT_DRAWINGS_POS_CURRENT;Önceki kredinin olduðu ay boyunca mal çekme veya satýn alma tutarý;;;
162;credit_card_balance.csv;AMT_INST_MIN_REGULARITY;Önceki kredinin bu ayý için minimum taksit;;;
163;credit_card_balance.csv;AMT_PAYMENT_CURRENT;Müþteri önceki krediyle ay boyunca ne kadar ödedi?;;;
164;credit_card_balance.csv;AMT_PAYMENT_TOTAL_CURRENT;Müþteri, önceki krediye toplam olarak ay boyunca ne kadar ödedi?;;;
165;credit_card_balance.csv;AMT_RECEIVABLE_PRINCIPAL;Önceki kredinin anapara tutarý;;;
166;credit_card_balance.csv;AMT_RECIVABLE;Amount receivable on the previous credit ????????????????;;;
167;credit_card_balance.csv;AMT_TOTAL_RECEIVABLE;Önceki krediden alýnacak toplam tutar;;;
168;credit_card_balance.csv;CNT_DRAWINGS_ATM_CURRENT;Bir önceki krediyle bu ay boyunca ATM'deki çekiliþ sayýsý;;;
169;credit_card_balance.csv;CNT_DRAWINGS_CURRENT;Önceki kredide bu aydaki çekimlerin sayýsý;;;
170;credit_card_balance.csv;CNT_DRAWINGS_OTHER_CURRENT;Bu ay boyunca önceki krediye ait diðer çekimlerin sayýsý;;;
171;credit_card_balance.csv;CNT_DRAWINGS_POS_CURRENT;Önceki kredide bu ay boyunca mallarýn çekimlerinin sayýsý;;;
172;credit_card_balance.csv;CNT_INSTALMENT_MATURE_CUM;Number of paid installments on the previous credit;;;
173;credit_card_balance.csv;NAME_CONTRACT_STATUS;Önceki kredinin sözleþme durumu (aktif imzalý, ...);;;
174;credit_card_balance.csv;SK_DPD;Önceki kredide ay boyunca DPD (Vadeyi geçen günler);;;
175;credit_card_balance.csv;SK_DPD_DEF;Önceki kredinin toleransý (düþük kredi tutarlarýna sahip borçlar göz ardý edilir) ay boyunca DPD (Vadesi geçen günler);;;
176;previous_application.csv;SK_ID_PREV ;ID;;;
177;previous_application.csv;SK_ID_CURR;ID;;;
178;previous_application.csv;NAME_CONTRACT_TYPE;Önceki baþvurunun sözleþme ürün türü (Nakit kredi, tüketici kredisi [POS], ...);;;
179;previous_application.csv;AMT_ANNUITY;Önceki baþvurunun yýllýk taksidi;;;
180;previous_application.csv;AMT_APPLICATION;Müþteri önceki baþvuruda ne kadar kredi istedi?;;;
181;previous_application.csv;AMT_CREDIT;Önceki baþvurunun nihai kredi tutarý. Bu;; ancak onay sürecimiz sýrasýnda farklý bir miktar almýþ olabilir - AMT_CREDIT;
182;previous_application.csv;AMT_DOWN_PAYMENT;Önceki baþvurunun peþinatý;;;
183;previous_application.csv;AMT_GOODS_PRICE;Müþterinin (varsa) önceki uygulamada istediði malýn mal fiyatý;;;
184;previous_application.csv;WEEKDAY_APPR_PROCESS_START;Müþteri önceki baþvuru için haftanýn hangi gününde baþvurdu?;;;
185;previous_application.csv;HOUR_APPR_PROCESS_START;Müþteri önceki baþvuru için yaklaþýk olarak hangi saatte baþvurdu?;rounded;;
186;previous_application.csv;FLAG_LAST_APPL_PER_CONTRACT;Önceki sözleþme için son baþvuru ise iþaretleyin. Bazen müþterimizin veya katibimizin yanlýþlýkla tek bir sözleþme için daha fazla baþvuru olabilir.;;;
187;previous_application.csv;NFLAG_LAST_APPL_IN_DAY;Uygulama; istemcinin günlük son uygulamasýysa iþaretleyin. Bazen müþteriler günde daha fazla baþvuru için baþvurur. Nadiren; sistemimizde bir uygulamanýn veritabanýnda iki kez olmasý da hata olabilir;
188;previous_application.csv;NFLAG_MICRO_CASH;Mikrofinans kredisi ile ilgili þikayetler;;;
189;previous_application.csv;RATE_DOWN_PAYMENT;Önceki krediye göre normalleþtirilmiþ peþinat oraný;normalized;;
190;previous_application.csv;RATE_INTEREST_PRIMARY;Önceki krediye göre normalleþtirilmiþ faiz oraný;normalized;;
191;previous_application.csv;RATE_INTEREST_PRIVILEGED;Önceki krediye göre normalleþtirilmiþ faiz oraný;normalized;;
192;previous_application.csv;NAME_CASH_LOAN_PURPOSE;Nakdi kredinin amacý;;;
193;previous_application.csv;NAME_CONTRACT_STATUS;Önceki baþvurunun sözleþme durumu (onaylandý; iptal edildi; ...);
194;previous_application.csv;DAYS_DECISION;Önceki baþvuru hakkýnda karar ne zaman verildiði mevcut baþvuruya göre;time only relative to the application;;
195;previous_application.csv;NAME_PAYMENT_TYPE;Müþterinin önceki uygulama için ödemeyi seçtiði ödeme yöntemi;;;
196;previous_application.csv;CODE_REJECT_REASON;Önceki baþvuru neden reddedildi;;;
197;previous_application.csv;NAME_TYPE_SUITE;Önceki baþvuru için baþvururken müþteriye kim eþlik etti;;;
198;previous_application.csv;NAME_CLIENT_TYPE;Önceki uygulama için baþvururken müþteri eski mi yoksa yeni müþteri miydi?;;;
199;previous_application.csv;NAME_GOODS_CATEGORY;Müþteri önceki baþvuruda ne tür mallar için baþvurdu?;;;
200;previous_application.csv;NAME_PORTFOLIO;Önceki NAKÝT, POS, ARAÇ vb. Baþvurulardý.; POS; ARAÇ vb. Baþvurulardý.;
201;previous_application.csv;NAME_PRODUCT_TYPE;Was the previous application x-sell o walk-in ????????;;;
202;previous_application.csv;CHANNEL_TYPE;Önceki uygulamada müþteriyi hangi kanaldan edindik;;;
203;previous_application.csv;SELLERPLACE_AREA;Önceki uygulamanýn satýcý yerinin satýþ alaný;;;
204;previous_application.csv;NAME_SELLER_INDUSTRY;Satýcýnýn sektörü;;;
205;previous_application.csv;CNT_PAYMENT;Önceki baþvurunun uygulanmasýnda önceki kredinin süresi;;;
206;previous_application.csv;NAME_YIELD_GROUP;Faiz oranýný önceki baþvurunun küçük orta ve yüksek oranlarýna göre gruplandýrýn;grouped;;
207;previous_application.csv;PRODUCT_COMBINATION;Önceki uygulamanýn detaylý ürün kombinasyonu;;;
208;previous_application.csv;DAYS_FIRST_DRAWING;Önceki baþvurunun ilk ödemesinin yapýldýðý mevcut baþvurunun baþvuru tarihine göre;time only relative to the application;;
209;previous_application.csv;DAYS_FIRST_DUE;Mevcut baþvurunun baþvuru tarihi ile ilgili olarak, önceki baþvurunun ilk vadesinin ne zaman olmasý gerektiði ; önceki baþvurunun ilk vadesinin ne zaman olmasý gerektiði;;
210;previous_application.csv;DAYS_LAST_DUE_1ST_VERSION;Relative to application date of current application when was the first due of the previous application;time only relative to the application;;
211;previous_application.csv;DAYS_LAST_DUE;Mevcut baþvurunun baþvuru tarihine göre önceki baþvurunun son vade tarihinin ne zaman olduðu;time only relative to the application;;
212;previous_application.csv;DAYS_TERMINATION;Relative to application date of current application when was the expected termination of the previous application;time only relative to the application;;
213;previous_application.csv;NFLAG_INSURED_ON_APPROVAL;Müþteri önceki baþvuru sýrasýnda sigorta talep etti mi?;;;
214;installments_payments.csv;SK_ID_PREV ;Örneðimizdeki krediyle ilgili Ev kredisindeki önceki kredinin kimliði. (Örneðimizdeki bir kredi, Konut Kredisinde 0,1,2 veya daha fazla eski krediye sahip olabilir); Konut Kredisinde 0;1;2 veya daha fazla eski krediye sahip olabilir)
215;installments_payments.csv;SK_ID_CURR;ID;hashed;;
216;installments_payments.csv;NUM_INSTALMENT_VERSION;Önceki kredinin taksit takvimi sürümü (0 kredi kartý içindir). Taksit sürümünün aydan aya deðiþmesi, ödeme takviminin bazý parametrelerinin deðiþtiðini gösterir.;;;
217;installments_payments.csv;NUM_INSTALMENT_NUMBER;Hangi taksitte ödemeyi gözlemliyoruz;;;
218;installments_payments.csv;DAYS_INSTALMENT;Önceki kredinin taksitinin ne zaman ödenmesi gerektiði (mevcut kredinin baþvuru tarihine göre);time only relative to the application;;
219;installments_payments.csv;DAYS_ENTRY_PAYMENT;Önceki kredinin taksitleri gerçekte ne zaman ödendi (mevcut kredinin baþvuru tarihine göre);time only relative to the application;;
220;installments_payments.csv;AMT_INSTALMENT;Bu taksitte önceki kredinin öngörülen taksit tutarý neydi;;;
221;installments_payments.csv;AMT_PAYMENT;Kiþinin önceki kredide gerçekte ne kadar ödediði;;;
